Kompanija,Kiekis,Iprastine kaina camelia,Kaina su nuolaida camelia
NEW NORDIC,90,"13,89",
NEW NORDIC,90,"13,49",
NEW NORDIC,90,"15,69",
NEW NORDIC,120,"21,79",
NEW NORDIC,60,"10,59",
ROYAL,90,"31,19","23,39"
ROYAL,60,"28,19","18,32"
ROYAL,60,"28,19","21,14"
NEW NORDIC,120,"24,29",
ROYAL,90,"38,59","28,94"
RAW POWDERS,90,"9,95",
NEW NORDIC,90,"13,89",
NEW NORDIC,90,"13,49",
NEW NORDIC,90,"15,69",
NEW NORDIC,120,"21,79",
NEW NORDIC,60,"10,59",
ROYAL,90,"31,19","23,39"
ROYAL,60,"28,19","18,32"
ROYAL,60,"28,19","21,14"
NEW NORDIC,120,"24,29",
ROYAL,90,"38,59","28,94"
RAW POWDERS,90,"9,95",
NEW NORDIC,90,"13,89",
NEW NORDIC,90,"13,49",
NEW NORDIC,90,"15,69",
NEW NORDIC,120,"21,79",
NEW NORDIC,60,"10,59",
ROYAL,90,"31,19","23,39"
ROYAL,60,"28,19","18,32"
ROYAL,60,"28,19","21,14"
NEW NORDIC,120,"24,29",
ROYAL,90,"38,59","28,94"
RAW POWDERS,90,"9,95",
NEW NORDIC,90,"13,89",
NEW NORDIC,90,"13,49",
NEW NORDIC,90,"15,69",
NEW NORDIC,120,"21,79",
NEW NORDIC,60,"10,59",
ROYAL,90,"31,19","23,39"
ROYAL,60,"28,19","18,32"
ROYAL,60,"28,19","21,14"
NEW NORDIC,120,"24,29",
ROYAL,90,"38,59","28,94"
RAW POWDERS,90,"9,95",
NEW NORDIC,90,"13,89",
NEW NORDIC,90,"13,49",
NEW NORDIC,90,"15,69",
NEW NORDIC,120,"21,79",
NEW NORDIC,60,"10,59",
ROYAL,90,"31,19","23,39"
ROYAL,60,"28,19","18,32"
ROYAL,60,"28,19","21,14"
NEW NORDIC,120,"24,29",
ROYAL,90,"38,59","28,94"
RAW POWDERS,90,"9,95",
NEW NORDIC,90,"13,89",
NEW NORDIC,90,"13,49",
NEW NORDIC,90,"15,69",
NEW NORDIC,120,"21,79",
NEW NORDIC,60,"10,59",
ROYAL,90,"31,19","23,39"
ROYAL,60,"28,19","18,32"
ROYAL,60,"28,19","21,14"
NEW NORDIC,120,"24,29",
ROYAL,90,"38,59","28,94"
RAW POWDERS,90,"9,95",
NEW NORDIC,90,"13,89",
NEW NORDIC,90,"13,49",
NEW NORDIC,90,"15,69",
NEW NORDIC,120,"21,79",
NEW NORDIC,60,"10,59",
ROYAL,90,"31,19","23,39"
ROYAL,60,"28,19","18,32"
ROYAL,60,"28,19","21,14"
NEW NORDIC,120,"24,29",
ROYAL,90,"38,59","28,94"
RAW POWDERS,90,"9,95",
NEW NORDIC,90,"13,89",
NEW NORDIC,90,"13,49",
NEW NORDIC,90,"15,69",
NEW NORDIC,120,"21,79",
NEW NORDIC,60,"10,59",
ROYAL,90,"31,19","23,39"
ROYAL,60,"28,19","18,32"
ROYAL,60,"28,19","21,14"
NEW NORDIC,120,"24,29",
ROYAL,90,"38,59","28,94"
RAW POWDERS,90,"9,95",
NEW NORDIC,90,"13,89",
NEW NORDIC,90,"13,49",
NEW NORDIC,90,"15,69",
NEW NORDIC,120,"21,79",
NEW NORDIC,60,"10,59",
ROYAL,90,"31,19","23,39"
ROYAL,60,"28,19","18,32"
ROYAL,60,"28,19","21,14"
NEW NORDIC,120,"24,29",
ROYAL,90,"38,59","28,94"
RAW POWDERS,90,"9,95",
NEW NORDIC,90,"13,89",
NEW NORDIC,90,"13,49",
NEW NORDIC,90,"15,69",
NEW NORDIC,120,"21,79",
NEW NORDIC,60,"10,59",
ROYAL,90,"31,19","23,39"
ROYAL,60,"28,19","18,32"
ROYAL,60,"28,19","21,14"
NEW NORDIC,120,"24,29",
ROYAL,90,"38,59","28,94"
RAW POWDERS,90,"9,95",
NEW NORDIC,90,"13,89",
NEW NORDIC,90,"13,49",
NEW NORDIC,90,"15,69",
NEW NORDIC,120,"21,79",
NEW NORDIC,60,"10,59",
ROYAL,90,"31,19","23,39"
ROYAL,60,"28,19","18,32"
ROYAL,60,"28,19","21,14"
NEW NORDIC,120,"24,29",
ROYAL,90,"38,59","28,94"
RAW POWDERS,90,"9,95",
NEW NORDIC,90,"13,89",
NEW NORDIC,90,"13,49",
NEW NORDIC,90,"15,69",
NEW NORDIC,120,"21,79",
NEW NORDIC,60,"10,59",
ROYAL,90,"31,19","23,39"
ROYAL,60,"28,19","18,32"
ROYAL,60,"28,19","21,14"
NEW NORDIC,120,"24,29",
ROYAL,90,"38,59","28,94"
RAW POWDERS,90,"9,95",
NEW NORDIC,90,"13,89",
NEW NORDIC,90,"13,49",
NEW NORDIC,90,"15,69",
NEW NORDIC,120,"21,79",
NEW NORDIC,60,"10,59",
ROYAL,90,"31,19","23,39"
ROYAL,60,"28,19","18,32"
ROYAL,60,"28,19","21,14"
NEW NORDIC,120,"24,29",
ROYAL,90,"38,59","28,94"
RAW POWDERS,90,"9,95",
NEW NORDIC,90,"13,89",
NEW NORDIC,90,"13,49",
NEW NORDIC,90,"15,69",
NEW NORDIC,120,"21,79",
NEW NORDIC,60,"10,59",
ROYAL,90,"31,19","23,39"
ROYAL,60,"28,19","18,32"
ROYAL,60,"28,19","21,14"
NEW NORDIC,120,"24,29",
ROYAL,90,"38,59","28,94"
RAW POWDERS,90,"9,95",
NEW NORDIC,90,"13,89",
NEW NORDIC,90,"13,49",
NEW NORDIC,90,"15,69",
NEW NORDIC,120,"21,79",
NEW NORDIC,60,"10,59",
ROYAL,90,"31,19","23,39"
ROYAL,60,"28,19","18,32"
ROYAL,60,"28,19","21,14"
NEW NORDIC,120,"24,29",
ROYAL,90,"38,59","28,94"
RAW POWDERS,90,"9,95",
NEW NORDIC,90,"13,89",
NEW NORDIC,90,"13,49",
NEW NORDIC,90,"15,69",
NEW NORDIC,120,"21,79",
NEW NORDIC,60,"10,59",
ROYAL,90,"31,19","23,39"
ROYAL,60,"28,19","18,32"
ROYAL,60,"28,19","21,14"
NEW NORDIC,120,"24,29",
ROYAL,90,"38,59","28,94"
RAW POWDERS,90,"9,95",
NEW NORDIC,90,"13,89",
NEW NORDIC,90,"13,49",
NEW NORDIC,90,"15,69",
NEW NORDIC,120,"21,79",
NEW NORDIC,60,"10,59",
ROYAL,90,"31,19","23,39"
ROYAL,60,"28,19","18,32"
ROYAL,60,"28,19","21,14"
NEW NORDIC,120,"24,29",
ROYAL,90,"38,59","28,94"
RAW POWDERS,90,"9,95",
NEW NORDIC,90,"13,89",
NEW NORDIC,90,"13,49",
NEW NORDIC,90,"15,69",
NEW NORDIC,120,"21,79",
NEW NORDIC,60,"10,59",
ROYAL,90,"31,19","23,39"
ROYAL,60,"28,19","18,32"
ROYAL,60,"28,19","21,14"
NEW NORDIC,120,"24,29",
ROYAL,90,"38,59","28,94"
RAW POWDERS,90,"9,95",
NEW NORDIC,90,"13,89",
NEW NORDIC,90,"13,49",
NEW NORDIC,90,"15,69",
NEW NORDIC,120,"21,79",
NEW NORDIC,60,"10,59",
ROYAL,90,"31,19","23,39"
ROYAL,60,"28,19","18,32"
ROYAL,60,"28,19","21,14"
NEW NORDIC,120,"24,29",
ROYAL,90,"38,59","28,94"
RAW POWDERS,90,"9,95",
NEW NORDIC,90,"13,89",
NEW NORDIC,90,"13,49",
NEW NORDIC,90,"15,69",
NEW NORDIC,120,"21,79",
NEW NORDIC,60,"10,59",
ROYAL,90,"31,19","23,39"
ROYAL,60,"28,19","18,32"
ROYAL,60,"28,19","21,14"
NEW NORDIC,120,"24,29",
ROYAL,90,"38,59","28,94"
RAW POWDERS,90,"9,95",
NEW NORDIC,90,"13,89",
NEW NORDIC,90,"13,49",
NEW NORDIC,90,"15,69",
NEW NORDIC,120,"21,79",
NEW NORDIC,60,"10,59",
ROYAL,90,"31,19","23,39"
ROYAL,60,"28,19","18,32"
ROYAL,60,"28,19","21,14"
NEW NORDIC,120,"24,29",
ROYAL,90,"38,59","28,94"
RAW POWDERS,90,"9,95",
NEW NORDIC,90,"13,89",
NEW NORDIC,90,"13,49",
NEW NORDIC,90,"15,69",
NEW NORDIC,120,"21,79",
NEW NORDIC,60,"10,59",
ROYAL,90,"31,19","23,39"
ROYAL,60,"28,19","18,32"
ROYAL,60,"28,19","21,14"
NEW NORDIC,120,"24,29",
ROYAL,90,"38,59","28,94"
RAW POWDERS,90,"9,95",
NEW NORDIC,90,"13,89",
NEW NORDIC,90,"13,49",
NEW NORDIC,90,"15,69",
NEW NORDIC,120,"21,79",
NEW NORDIC,60,"10,59",
ROYAL,90,"31,19","23,39"
ROYAL,60,"28,19","18,32"
ROYAL,60,"28,19","21,14"
NEW NORDIC,120,"24,29",
ROYAL,90,"38,59","28,94"
RAW POWDERS,90,"9,95",
NEW NORDIC,90,"13,89",
NEW NORDIC,90,"13,49",
NEW NORDIC,90,"15,69",
NEW NORDIC,120,"21,79",
NEW NORDIC,60,"10,59",
ROYAL,90,"31,19","23,39"
ROYAL,60,"28,19","18,32"
ROYAL,60,"28,19","21,14"
NEW NORDIC,120,"24,29",
ROYAL,90,"38,59","28,94"
RAW POWDERS,90,"9,95",
NEW NORDIC,90,"13,89",
NEW NORDIC,90,"13,49",
NEW NORDIC,90,"15,69",
NEW NORDIC,120,"21,79",
NEW NORDIC,60,"10,59",
ROYAL,90,"31,19","23,39"
ROYAL,60,"28,19","18,32"
ROYAL,60,"28,19","21,14"
NEW NORDIC,120,"24,29",
ROYAL,90,"38,59","28,94"
RAW POWDERS,90,"9,95",
NEW NORDIC,90,"13,89",
NEW NORDIC,90,"13,49",
NEW NORDIC,90,"15,69",
NEW NORDIC,120,"21,79",
NEW NORDIC,60,"10,59",
ROYAL,90,"31,19","23,39"
ROYAL,60,"28,19","18,32"
ROYAL,60,"28,19","21,14"
NEW NORDIC,120,"24,29",
ROYAL,90,"38,59","28,94"
RAW POWDERS,90,"9,95",
NEW NORDIC,90,"13,89",
NEW NORDIC,90,"13,49",
NEW NORDIC,90,"15,69",
NEW NORDIC,120,"21,79",
NEW NORDIC,60,"10,59",
ROYAL,90,"31,19","23,39"
ROYAL,60,"28,19","18,32"
ROYAL,60,"28,19","21,14"
NEW NORDIC,120,"24,29",
ROYAL,90,"38,59","28,94"
RAW POWDERS,90,"9,95",
NEW NORDIC,90,"13,89",
NEW NORDIC,90,"13,49",
NEW NORDIC,90,"15,69",
NEW NORDIC,120,"21,79",
NEW NORDIC,60,"10,59",
ROYAL,90,"31,19","23,39"
ROYAL,60,"28,19","18,32"
ROYAL,60,"28,19","21,14"
NEW NORDIC,120,"24,29",
ROYAL,90,"38,59","28,94"
RAW POWDERS,90,"9,95",
NEW NORDIC,90,"13,89",
NEW NORDIC,90,"13,49",
NEW NORDIC,90,"15,69",
NEW NORDIC,120,"21,79",
NEW NORDIC,60,"10,59",
ROYAL,90,"31,19","23,39"
ROYAL,60,"28,19","18,32"
ROYAL,60,"28,19","21,14"
NEW NORDIC,120,"24,29",
ROYAL,90,"38,59","28,94"
RAW POWDERS,90,"9,95",
NEW NORDIC,90,"13,89",
NEW NORDIC,90,"13,49",
NEW NORDIC,90,"15,69",
NEW NORDIC,120,"21,79",
NEW NORDIC,60,"10,59",
ROYAL,90,"31,19","23,39"
ROYAL,60,"28,19","18,32"
ROYAL,60,"28,19","21,14"
NEW NORDIC,120,"24,29",
ROYAL,90,"38,59","28,94"
RAW POWDERS,90,"9,95",
NEW NORDIC,90,"13,89",
NEW NORDIC,90,"13,49",
NEW NORDIC,90,"15,69",
NEW NORDIC,120,"21,79",
NEW NORDIC,60,"10,59",
ROYAL,90,"31,19","23,39"
ROYAL,60,"28,19","18,32"
ROYAL,60,"28,19","21,14"
NEW NORDIC,120,"24,29",
ROYAL,90,"38,59","28,94"
RAW POWDERS,90,"9,95",
NEW NORDIC,90,"13,89",
NEW NORDIC,90,"13,49",
NEW NORDIC,90,"15,69",
NEW NORDIC,120,"21,79",
NEW NORDIC,60,"10,59",
ROYAL,90,"31,19","23,39"
ROYAL,60,"28,19","18,32"
ROYAL,60,"28,19","21,14"
NEW NORDIC,120,"24,29",
ROYAL,90,"38,59","28,94"
RAW POWDERS,90,"9,95",
NEW NORDIC,90,"13,89",
NEW NORDIC,90,"13,49",
NEW NORDIC,90,"15,69",
NEW NORDIC,120,"21,79",
NEW NORDIC,60,"10,59",
ROYAL,90,"31,19","23,39"
ROYAL,60,"28,19","18,32"
ROYAL,60,"28,19","21,14"
NEW NORDIC,120,"24,29",
ROYAL,90,"38,59","28,94"
RAW POWDERS,90,"9,95",
