Kompanija,Kiekis,Iprastine kaina gintarine,Kaina su nuolaida gintarine,Iprastine kaina camelia,Kaina su nuolaida camelia
AMBIO,30,"9,98","6,99",,
AMBIO,60,"13,98",,,
SAPIENS,30,"21,99",,,
SAPIENS,30,"21,99",,,
ROYAL,60,"28,49","24,22",,
NEW NORDIC,90,"17,01","12,76",,
VITADAY,60,"12,48","7,49",,
ROYAL,60,"28,49","24,22",,
NEW NORDIC,90,"16,50","12,38",,
CENTRUM,30,"15,99","11,19",,
NEW NORDIC,90,"16,96","12,72",,
NEW NORDIC,60,"13,92","10,44",,
NEW NORDIC,120,"23,57","17,68",,
SAPIENS,60,"20,99",,,
CENTRUM,30,"16,99","11,89",,
AMBIO,150,"6,49","4,22",,
CENTRUM,30,"13,99","9,79",,
VITADAY,60,"6,48",,,
ROYAL,90,"39,00",,,
AMBIO,50,"11,98","7,79",,
ROYAL,90,"31,50",,,
NOW EVE™,90,,,,
SAPIENS,60,,,,
NOW EVE™,180,,,,
NOW Adam,90,,,,
SAPIENS,60,,,,
RAW POWDERS,90,,,,
NEW NORDIC,90,,,"13,89",
NEW NORDIC,90,,,"13,49",
NEW NORDIC,90,,,"15,69",
NEW NORDIC,120,,,"21,79",
NEW NORDIC,60,,,"10,59",
ROYAL,90,,,"31,19","23,39"
ROYAL,60,,,"28,19","18,32"
ROYAL,60,,,"28,19","21,14"
NEW NORDIC,120,,,"24,29",
ROYAL,90,,,"38,59","28,94"
RAW POWDERS,90,,,"9,95",
NEW NORDIC,90,,,"13,89",
NEW NORDIC,90,,,"13,49",
NEW NORDIC,90,,,"15,69",
NEW NORDIC,120,,,"21,79",
NEW NORDIC,60,,,"10,59",
ROYAL,90,,,"31,19","23,39"
ROYAL,60,,,"28,19","18,32"
ROYAL,60,,,"28,19","21,14"
NEW NORDIC,120,,,"24,29",
ROYAL,90,,,"38,59","28,94"
RAW POWDERS,90,,,"9,95",
NEW NORDIC,90,,,"13,89",
NEW NORDIC,90,,,"13,49",
NEW NORDIC,90,,,"15,69",
NEW NORDIC,120,,,"21,79",
NEW NORDIC,60,,,"10,59",
ROYAL,90,,,"31,19","23,39"
ROYAL,60,,,"28,19","18,32"
ROYAL,60,,,"28,19","21,14"
NEW NORDIC,120,,,"24,29",
ROYAL,90,,,"38,59","28,94"
RAW POWDERS,90,,,"9,95",
NEW NORDIC,90,,,"13,89",
NEW NORDIC,90,,,"13,49",
NEW NORDIC,90,,,"15,69",
NEW NORDIC,120,,,"21,79",
NEW NORDIC,60,,,"10,59",
ROYAL,90,,,"31,19","23,39"
ROYAL,60,,,"28,19","18,32"
ROYAL,60,,,"28,19","21,14"
NEW NORDIC,120,,,"24,29",
ROYAL,90,,,"38,59","28,94"
RAW POWDERS,90,,,"9,95",
NEW NORDIC,90,,,"13,89",
NEW NORDIC,90,,,"13,49",
NEW NORDIC,90,,,"15,69",
NEW NORDIC,120,,,"21,79",
NEW NORDIC,60,,,"10,59",
ROYAL,90,,,"31,19","23,39"
ROYAL,60,,,"28,19","18,32"
ROYAL,60,,,"28,19","21,14"
NEW NORDIC,120,,,"24,29",
ROYAL,90,,,"38,59","28,94"
RAW POWDERS,90,,,"9,95",
NEW NORDIC,90,,,"13,89",
NEW NORDIC,90,,,"13,49",
NEW NORDIC,90,,,"15,69",
NEW NORDIC,120,,,"21,79",
NEW NORDIC,60,,,"10,59",
ROYAL,90,,,"31,19","23,39"
ROYAL,60,,,"28,19","18,32"
ROYAL,60,,,"28,19","21,14"
NEW NORDIC,120,,,"24,29",
ROYAL,90,,,"38,59","28,94"
RAW POWDERS,90,,,"9,95",
NEW NORDIC,90,,,"13,89",
NEW NORDIC,90,,,"13,49",
NEW NORDIC,90,,,"15,69",
NEW NORDIC,120,,,"21,79",
NEW NORDIC,60,,,"10,59",
ROYAL,90,,,"31,19","23,39"
ROYAL,60,,,"28,19","18,32"
ROYAL,60,,,"28,19","21,14"
NEW NORDIC,120,,,"24,29",
ROYAL,90,,,"38,59","28,94"
RAW POWDERS,90,,,"9,95",
NEW NORDIC,90,,,"13,89",
NEW NORDIC,90,,,"13,49",
NEW NORDIC,90,,,"15,69",
NEW NORDIC,120,,,"21,79",
NEW NORDIC,60,,,"10,59",
ROYAL,90,,,"31,19","23,39"
ROYAL,60,,,"28,19","18,32"
ROYAL,60,,,"28,19","21,14"
NEW NORDIC,120,,,"24,29",
ROYAL,90,,,"38,59","28,94"
RAW POWDERS,90,,,"9,95",
NEW NORDIC,90,,,"13,89",
NEW NORDIC,90,,,"13,49",
NEW NORDIC,90,,,"15,69",
NEW NORDIC,120,,,"21,79",
NEW NORDIC,60,,,"10,59",
ROYAL,90,,,"31,19","23,39"
ROYAL,60,,,"28,19","18,32"
ROYAL,60,,,"28,19","21,14"
NEW NORDIC,120,,,"24,29",
ROYAL,90,,,"38,59","28,94"
RAW POWDERS,90,,,"9,95",
NEW NORDIC,90,,,"13,89",
NEW NORDIC,90,,,"13,49",
NEW NORDIC,90,,,"15,69",
NEW NORDIC,120,,,"21,79",
NEW NORDIC,60,,,"10,59",
ROYAL,90,,,"31,19","23,39"
ROYAL,60,,,"28,19","18,32"
ROYAL,60,,,"28,19","21,14"
NEW NORDIC,120,,,"24,29",
ROYAL,90,,,"38,59","28,94"
RAW POWDERS,90,,,"9,95",
NEW NORDIC,90,,,"13,89",
NEW NORDIC,90,,,"13,49",
NEW NORDIC,90,,,"15,69",
NEW NORDIC,120,,,"21,79",
NEW NORDIC,60,,,"10,59",
ROYAL,90,,,"31,19","23,39"
ROYAL,60,,,"28,19","18,32"
ROYAL,60,,,"28,19","21,14"
NEW NORDIC,120,,,"24,29",
ROYAL,90,,,"38,59","28,94"
RAW POWDERS,90,,,"9,95",
NEW NORDIC,90,,,"13,89",
NEW NORDIC,90,,,"13,49",
NEW NORDIC,90,,,"15,69",
NEW NORDIC,120,,,"21,79",
NEW NORDIC,60,,,"10,59",
ROYAL,90,,,"31,19","23,39"
ROYAL,60,,,"28,19","18,32"
ROYAL,60,,,"28,19","21,14"
NEW NORDIC,120,,,"24,29",
ROYAL,90,,,"38,59","28,94"
RAW POWDERS,90,,,"9,95",
NEW NORDIC,90,,,"13,89",
NEW NORDIC,90,,,"13,49",
NEW NORDIC,90,,,"15,69",
NEW NORDIC,120,,,"21,79",
NEW NORDIC,60,,,"10,59",
ROYAL,90,,,"31,19","23,39"
ROYAL,60,,,"28,19","18,32"
ROYAL,60,,,"28,19","21,14"
NEW NORDIC,120,,,"24,29",
ROYAL,90,,,"38,59","28,94"
RAW POWDERS,90,,,"9,95",
NEW NORDIC,90,,,"13,89",
NEW NORDIC,90,,,"13,49",
NEW NORDIC,90,,,"15,69",
NEW NORDIC,120,,,"21,79",
NEW NORDIC,60,,,"10,59",
ROYAL,90,,,"31,19","23,39"
ROYAL,60,,,"28,19","18,32"
ROYAL,60,,,"28,19","21,14"
NEW NORDIC,120,,,"24,29",
ROYAL,90,,,"38,59","28,94"
RAW POWDERS,90,,,"9,95",
NEW NORDIC,90,,,"13,89",
NEW NORDIC,90,,,"13,49",
NEW NORDIC,90,,,"15,69",
NEW NORDIC,120,,,"21,79",
NEW NORDIC,60,,,"10,59",
ROYAL,90,,,"31,19","23,39"
ROYAL,60,,,"28,19","18,32"
ROYAL,60,,,"28,19","21,14"
NEW NORDIC,120,,,"24,29",
ROYAL,90,,,"38,59","28,94"
RAW POWDERS,90,,,"9,95",
NEW NORDIC,90,,,"13,89",
NEW NORDIC,90,,,"13,49",
NEW NORDIC,90,,,"15,69",
NEW NORDIC,120,,,"21,79",
NEW NORDIC,60,,,"10,59",
ROYAL,90,,,"31,19","23,39"
ROYAL,60,,,"28,19","18,32"
ROYAL,60,,,"28,19","21,14"
NEW NORDIC,120,,,"24,29",
ROYAL,90,,,"38,59","28,94"
RAW POWDERS,90,,,"9,95",
NEW NORDIC,90,,,"13,89",
NEW NORDIC,90,,,"13,49",
NEW NORDIC,90,,,"15,69",
NEW NORDIC,120,,,"21,79",
NEW NORDIC,60,,,"10,59",
ROYAL,90,,,"31,19","23,39"
ROYAL,60,,,"28,19","18,32"
ROYAL,60,,,"28,19","21,14"
NEW NORDIC,120,,,"24,29",
ROYAL,90,,,"38,59","28,94"
RAW POWDERS,90,,,"9,95",
NEW NORDIC,90,,,"13,89",
NEW NORDIC,90,,,"13,49",
NEW NORDIC,90,,,"15,69",
NEW NORDIC,120,,,"21,79",
NEW NORDIC,60,,,"10,59",
ROYAL,90,,,"31,19","23,39"
ROYAL,60,,,"28,19","18,32"
ROYAL,60,,,"28,19","21,14"
NEW NORDIC,120,,,"24,29",
ROYAL,90,,,"38,59","28,94"
RAW POWDERS,90,,,"9,95",
NEW NORDIC,90,,,"13,89",
NEW NORDIC,90,,,"13,49",
NEW NORDIC,90,,,"15,69",
NEW NORDIC,120,,,"21,79",
NEW NORDIC,60,,,"10,59",
ROYAL,90,,,"31,19","23,39"
ROYAL,60,,,"28,19","18,32"
ROYAL,60,,,"28,19","21,14"
NEW NORDIC,120,,,"24,29",
ROYAL,90,,,"38,59","28,94"
RAW POWDERS,90,,,"9,95",
NEW NORDIC,90,,,"13,89",
NEW NORDIC,90,,,"13,49",
NEW NORDIC,90,,,"15,69",
NEW NORDIC,120,,,"21,79",
NEW NORDIC,60,,,"10,59",
ROYAL,90,,,"31,19","23,39"
ROYAL,60,,,"28,19","18,32"
ROYAL,60,,,"28,19","21,14"
NEW NORDIC,120,,,"24,29",
ROYAL,90,,,"38,59","28,94"
RAW POWDERS,90,,,"9,95",
NEW NORDIC,90,,,"13,89",
NEW NORDIC,90,,,"13,49",
NEW NORDIC,90,,,"15,69",
NEW NORDIC,120,,,"21,79",
NEW NORDIC,60,,,"10,59",
ROYAL,90,,,"31,19","23,39"
ROYAL,60,,,"28,19","18,32"
ROYAL,60,,,"28,19","21,14"
NEW NORDIC,120,,,"24,29",
ROYAL,90,,,"38,59","28,94"
RAW POWDERS,90,,,"9,95",
NEW NORDIC,90,,,"13,89",
NEW NORDIC,90,,,"13,49",
NEW NORDIC,90,,,"15,69",
NEW NORDIC,120,,,"21,79",
NEW NORDIC,60,,,"10,59",
ROYAL,90,,,"31,19","23,39"
ROYAL,60,,,"28,19","18,32"
ROYAL,60,,,"28,19","21,14"
NEW NORDIC,120,,,"24,29",
ROYAL,90,,,"38,59","28,94"
RAW POWDERS,90,,,"9,95",
NEW NORDIC,90,,,"13,89",
NEW NORDIC,90,,,"13,49",
NEW NORDIC,90,,,"15,69",
NEW NORDIC,120,,,"21,79",
NEW NORDIC,60,,,"10,59",
ROYAL,90,,,"31,19","23,39"
ROYAL,60,,,"28,19","18,32"
ROYAL,60,,,"28,19","21,14"
NEW NORDIC,120,,,"24,29",
ROYAL,90,,,"38,59","28,94"
RAW POWDERS,90,,,"9,95",
NEW NORDIC,90,,,"13,89",
NEW NORDIC,90,,,"13,49",
NEW NORDIC,90,,,"15,69",
NEW NORDIC,120,,,"21,79",
NEW NORDIC,60,,,"10,59",
ROYAL,90,,,"31,19","23,39"
ROYAL,60,,,"28,19","18,32"
ROYAL,60,,,"28,19","21,14"
NEW NORDIC,120,,,"24,29",
ROYAL,90,,,"38,59","28,94"
RAW POWDERS,90,,,"9,95",
NEW NORDIC,90,,,"13,89",
NEW NORDIC,90,,,"13,49",
NEW NORDIC,90,,,"15,69",
NEW NORDIC,120,,,"21,79",
NEW NORDIC,60,,,"10,59",
ROYAL,90,,,"31,19","23,39"
ROYAL,60,,,"28,19","18,32"
ROYAL,60,,,"28,19","21,14"
NEW NORDIC,120,,,"24,29",
ROYAL,90,,,"38,59","28,94"
RAW POWDERS,90,,,"9,95",
NEW NORDIC,90,,,"13,89",
NEW NORDIC,90,,,"13,49",
NEW NORDIC,90,,,"15,69",
NEW NORDIC,120,,,"21,79",
NEW NORDIC,60,,,"10,59",
ROYAL,90,,,"31,19","23,39"
ROYAL,60,,,"28,19","18,32"
ROYAL,60,,,"28,19","21,14"
NEW NORDIC,120,,,"24,29",
ROYAL,90,,,"38,59","28,94"
RAW POWDERS,90,,,"9,95",
NEW NORDIC,90,,,"13,89",
NEW NORDIC,90,,,"13,49",
NEW NORDIC,90,,,"15,69",
NEW NORDIC,120,,,"21,79",
NEW NORDIC,60,,,"10,59",
ROYAL,90,,,"31,19","23,39"
ROYAL,60,,,"28,19","18,32"
ROYAL,60,,,"28,19","21,14"
NEW NORDIC,120,,,"24,29",
ROYAL,90,,,"38,59","28,94"
RAW POWDERS,90,,,"9,95",
NEW NORDIC,90,,,"13,89",
NEW NORDIC,90,,,"13,49",
NEW NORDIC,90,,,"15,69",
NEW NORDIC,120,,,"21,79",
NEW NORDIC,60,,,"10,59",
ROYAL,90,,,"31,19","23,39"
ROYAL,60,,,"28,19","18,32"
ROYAL,60,,,"28,19","21,14"
NEW NORDIC,120,,,"24,29",
ROYAL,90,,,"38,59","28,94"
RAW POWDERS,90,,,"9,95",
NEW NORDIC,90,,,"13,89",
NEW NORDIC,90,,,"13,49",
NEW NORDIC,90,,,"15,69",
NEW NORDIC,120,,,"21,79",
NEW NORDIC,60,,,"10,59",
ROYAL,90,,,"31,19","23,39"
ROYAL,60,,,"28,19","18,32"
ROYAL,60,,,"28,19","21,14"
NEW NORDIC,120,,,"24,29",
ROYAL,90,,,"38,59","28,94"
RAW POWDERS,90,,,"9,95",
NEW NORDIC,90,,,"13,89",
NEW NORDIC,90,,,"13,49",
NEW NORDIC,90,,,"15,69",
NEW NORDIC,120,,,"21,79",
NEW NORDIC,60,,,"10,59",
ROYAL,90,,,"31,19","23,39"
ROYAL,60,,,"28,19","18,32"
ROYAL,60,,,"28,19","21,14"
NEW NORDIC,120,,,"24,29",
ROYAL,90,,,"38,59","28,94"
RAW POWDERS,90,,,"9,95",
NEW NORDIC,90,,,"13,89",
NEW NORDIC,90,,,"13,49",
NEW NORDIC,90,,,"15,69",
NEW NORDIC,120,,,"21,79",
NEW NORDIC,60,,,"10,59",
ROYAL,90,,,"31,19","23,39"
ROYAL,60,,,"28,19","18,32"
ROYAL,60,,,"28,19","21,14"
NEW NORDIC,120,,,"24,29",
ROYAL,90,,,"38,59","28,94"
RAW POWDERS,90,,,"9,95",
NEW NORDIC,90,,,"13,89",
NEW NORDIC,90,,,"13,49",
NEW NORDIC,90,,,"15,69",
NEW NORDIC,120,,,"21,79",
NEW NORDIC,60,,,"10,59",
ROYAL,90,,,"31,19","23,39"
ROYAL,60,,,"28,19","18,32"
ROYAL,60,,,"28,19","21,14"
NEW NORDIC,120,,,"24,29",
ROYAL,90,,,"38,59","28,94"
RAW POWDERS,90,,,"9,95",
NEW NORDIC,90,,,"13,89",
NEW NORDIC,90,,,"13,49",
NEW NORDIC,90,,,"15,69",
NEW NORDIC,120,,,"21,79",
NEW NORDIC,60,,,"10,59",
ROYAL,90,,,"31,19","23,39"
ROYAL,60,,,"28,19","18,32"
ROYAL,60,,,"28,19","21,14"
NEW NORDIC,120,,,"24,29",
ROYAL,90,,,"38,59","28,94"
RAW POWDERS,90,,,"9,95",
